---,FeatName,Description,Icon,IconOverlay,GiveOnSpawn,LevelRequirement,FeatCost,Categories,PrerequisiteFeat,RewardRecipe
55003,"NSLOCTEXT("""", ""0B2CC1214A869BC81644EF852850FB22"", ""Acolyte of Mitra"")","NSLOCTEXT("""", ""5C03DAA34F3707AC247CE5B51018C3DB"", ""XX_Desc: Acolyte of Mitra"")","/Game/UI/Textures/Icons/icon_t1_altar_of_mitra.icon_t1_altar_of_mitra","None","False","1","50","(Combat)","","(80971,51304,53502,53554)"
55001,"NSLOCTEXT("""", ""DB5FA4C0449A8B906420D88AAB520956"", ""Acolyte of Set"")","NSLOCTEXT("""", ""FC56C5E4419BA196EF9475A3D8BCA1D7"", ""XX_Desc: Acolyte of Set"")","/Game/UI/Textures/Icons/icon_t1_alter_of_set.icon_t1_alter_of_set","None","False","1","50","(Combat)","","(80951,51902,53503)"
55002,"NSLOCTEXT("""", ""BD7638DB4D014A741B88D58AE1D3E561"", ""Acolyte of Yog"")","NSLOCTEXT("""", ""5AA9537942FAE0265648B29FB1BD89D7"", ""XX_Desc: Acolyte of Yog"")","/Game/UI/Textures/Icons/icon_t1_alter_of_yog.icon_t1_alter_of_yog","None","False","1","50","(Combat)","","(80961,51854,53501)"
52202,"NSLOCTEXT("""", ""BE0E48B34861FA97B06E3E89AEC198F6"", ""Weaver"")","NSLOCTEXT("""", ""E29281704CA99700E084C8AF3D01B5F4"", ""XX_Desc: Weaver"")","/Game/UI/Textures/Icons/icon_worker_shirt.icon_worker_shirt","None","True","1","0","(Combat,Survival)","","(52202,52203,52204,52205)"
1,"NSLOCTEXT("""", ""EDB137404174F18BF5D049BFC976660E"", ""Survivalist"")","NSLOCTEXT("""", ""1D0358F7422AC342494190AEAF2AB253"", ""XX_Desc: Survivalist"")","/Game/UI/Textures/Icons/icon_pickaxe-1.icon_pickaxe-1","None","True","1","0","(Survival)","","(51001,41031)"
50000,"NSLOCTEXT("""", ""5DD2DFA942A59535E93E8DAD95EA178A"", ""Apprentice Craftsman"")","NSLOCTEXT("""", ""9AA5E6104108C8E0599AFDABBCC6625D"", ""XX_Desc: Apprentice Craftsman"")","/Game/UI/Textures/Icons/icon_apprentice_crafter.icon_apprentice_crafter","None","False","2","1","(Survival)","","(51011,80112,14174,14601)"
89001,"NSLOCTEXT("""", ""40AAE11447EF3A2FDC911AB1F30F577D"", ""Experienced Survivalist"")","NSLOCTEXT("""", ""AB7A3C2D4D487C4DACA0799082B6D30F"", ""XX_Desc: Experienced Survivalist"")","/Game/UI/Textures/Icons/icon_campfire_1.icon_campfire_1","None","False","3","1","(Survival)","","(89001,41032)"
2,"NSLOCTEXT("""", ""76DAD89F49383AA95D34D28470DA776B"", ""Apprentice Stonemason"")","NSLOCTEXT("""", ""24A32BEE47A68E848407DCB96D6A9FB0"", ""XX_Desc: Apprentice Stonemason"")","/Game/UI/Textures/Icons/Icon_Foundation-1.Icon_Foundation-1","None","False","3","1","(Survival)","","(90001,90002,90003,90004,90008,51031)"
4,"NSLOCTEXT("""", ""F48102EE432D435C91A29A969F48D6A5"", ""Warrior"")","NSLOCTEXT("""", ""19172AD947FBC1E726F1ECA1FA2230FB"", ""XX_Desc: Warrior"")","/Game/UI/Textures/Icons/icon_primal_sword-1.icon_primal_sword-1","None","False","4","1","(Combat)","(50000)","(51801,51301)"
6,"NSLOCTEXT("""", ""5556C8F34721988B102CFFB4BB3EA6F8"", ""Archer"")","NSLOCTEXT("""", ""ADB5944C4B1CE5ABE49009B7F328D81D"", ""XX_Desc: Archer"")","/Game/UI/Textures/Icons/icon_basic_wood_bow.icon_basic_wood_bow","None","False","5","2","(Combat)","(50000)","(51401,53611)"
12,"NSLOCTEXT("""", ""0B2AD109459D34C8D41893AE0B68182A"", ""Defender"")","NSLOCTEXT("""", ""E44AE339477B83B4CCAC79A733A81A3C"", ""XX_Desc: Defender"")","/Game/UI/Textures/Icons/icon_wood_shield.icon_wood_shield","None","False","5","2","(Combat)","(50000)","(51600)"
41033,"NSLOCTEXT("""", ""64964C2442125CC6291FA8A303590604"", ""Torch"")","NSLOCTEXT("""", ""A08860C9470D6C284B3A479EF156CC79"", ""XX_Desc: Torch"")","/Game/UI/Textures/Icons/icon_torch.icon_torch","None","False","5","1","(Survival)","(50000)","(41033)"
80851,"NSLOCTEXT("""", ""BE330A1F45DAF2C87BF60799814F8F85"", ""Wooden Box"")","NSLOCTEXT("""", ""8CC02A8F4A925536F757CCB0E4F16DD8"", ""XX_Desc: Wooden Box"")","/Game/UI/Textures/Icons/icon_wooden_box.icon_wooden_box","None","False","5","1","(Decoration,Survival)","(50000)","(80851)"
8,"NSLOCTEXT("""", ""75B8E92F46E9A2F613CA01B34F85A3CF"", ""Armorer"")","NSLOCTEXT("""", ""D29BBA0348EF908C11E624B5D81C157A"", ""XX_Desc: Armorer"")","/Game/UI/Textures/Icons/icon_armormaking_bench.icon_armormaking_bench","None","False","6","2","(Combat,Survival)","(50000)","(89201,52002)"
51951,"NSLOCTEXT("""", ""F187D6A84C164CC4C316A3A79F061C21"", ""Skirmisher"")","NSLOCTEXT("""", ""761A06D24201878CB3A5D3B801363AE0"", ""XX_Desc: Skirmisher"")","/Game/UI/Textures/Icons/icon_poniard_stone_t1.icon_poniard_stone_t1","None","False","6","2","(Combat)","(50000)","(51951)"
52004,"NSLOCTEXT("""", ""0B803B154342B7EF61070D8ABF0A2CB9"", ""Light Wrap"")","NSLOCTEXT("""", ""CED3CD074EEA07678B5521907C69FDA0"", ""XX_Desc: Light Wrap"")","/Game/UI/Textures/Icons/icon_light_exile_loincloth.icon_light_exile_loincloth","None","False","7","2","(Combat)","(50000,8)","(52004)"
80521,"NSLOCTEXT("""", ""07852FA74B0A0508972B2DB8995EE037"", ""Chandler"")","NSLOCTEXT("""", ""B489BDD94367C94AF7F19F853F845DF4"", ""XX_Desc: Chandler"")","/Game/UI/Textures/Icons/icon_White_candle-1.icon_White_candle-1","None","False","7","1","(Decoration)","(50000)","(80521,80522,80523)"
90009,"NSLOCTEXT("""", ""382D6CF648D5DECA5601858AEF00A78B"", ""Sandstone Pillar"")","NSLOCTEXT("""", ""B2728BF0468BDA6F0611138825384493"", ""XX_Desc: Sandstone Pillar"")","/Game/UI/Textures/Icons/icon_pillar-1.icon_pillar-1","None","False","7","1","(Construction)","(50000,2)","(90009)"
90005,"NSLOCTEXT("""", ""8741DAD24D7B47B06081EB9BF84E07EE"", ""Sandstone Stairs"")","NSLOCTEXT("""", ""B0D4782849A9F157C8FC5580CA021249"", ""XX_Desc: Sandstone Stairs"")","/Game/UI/Textures/Icons/icon_stairs-1.icon_stairs-1","None","False","7","1","(Construction)","(50000,2)","(90005)"
52001,"NSLOCTEXT("""", ""6630DBA349760686A51758994288BEA4"", ""Light Turban"")","NSLOCTEXT("""", ""FA080D164FA7588D734E27BC0205EA36"", ""XX_Desc: Light Turban"")","/Game/UI/Textures/Icons/icon_light_exile_cap.icon_light_exile_cap","None","False","8","2","(Combat)","(50000,8)","(52001)"
90007,"NSLOCTEXT("""", ""5F85AC994253AF6AD26D1C9EA336A291"", ""Sandstone Frame"")","NSLOCTEXT("""", ""F467D8B0490DB990BF818E9B1E2918EB"", ""XX_Desc: Sandstone Frame"")","/Game/UI/Textures/Icons/icon_window_wall-1.icon_window_wall-1","None","False","8","1","(Construction)","(50000,2)","(90007)"
3,"NSLOCTEXT("""", ""391AB8EF49213BFC7DBA689A298BFA67"", ""Bruiser"")","NSLOCTEXT("""", ""507A2E544941C33E95A42C948EABEC9C"", ""XX_Desc: Bruiser"")","/Game/UI/Textures/Icons/icon_exile_stone_maul.icon_exile_stone_maul","None","False","8","2","(Combat)","(50000)","(51152,51715)"
80511,"NSLOCTEXT("""", ""8B10850E407BADFD640966921688E2A7"", ""Bracketed Torch"")","NSLOCTEXT("""", ""55CE61D644681ABD2708A4A2987541BF"", ""XX_Desc: Bracketed Torch"")","/Game/UI/Textures/Icons/icon_wall_torch-1.icon_wall_torch-1","None","False","8","1","(Decoration,Survival)","(50000,41033)","(80511)"
52005,"NSLOCTEXT("""", ""F778DD75423890477637839327B7D449"", ""Light Boots"")","NSLOCTEXT("""", ""F0C5A1774D9D6B51005951ABBD99999E"", ""XX_Desc: Light Boots"")","/Game/UI/Textures/Icons/icon_light_exile_boots.icon_light_exile_boots","None","False","9","1","(Combat)","(50000,8)","(52005)"
52003,"NSLOCTEXT("""", ""06C155EE412930FB6141F7B87C689550"", ""Light Gauntlets"")","NSLOCTEXT("""", ""3DE074464BED09A37B498DBDF4CD5534"", ""XX_Desc: Light Gauntlets"")","/Game/UI/Textures/Icons/icon_light_exile_gauntlets.icon_light_exile_gauntlets","None","False","9","1","(Combat)","(50000,8)","(52003)"
90011,"NSLOCTEXT("""", ""5DEB4D894C0E9271A0C24787F6B7EE8A"", ""Wedge Blocks"")","NSLOCTEXT("""", ""34797BE5498AB3EB9EEE65A7A9189AD6"", ""XX_Desc: Wedge Blocks"")","/Game/UI/Textures/Icons/icon_triangle_foundation-1.icon_triangle_foundation-1","None","False","9","1","(Construction)","(50000,2)","(90011,90006,90014,90018)"
51602,"NSLOCTEXT("""", ""6263F3A14629C50FE30668BD5F8CC012"", ""Wooden Targe"")","NSLOCTEXT("""", ""4B5F8C6F4AA2788EAE37A285B1A400E9"", ""XX_Desc: Wooden Targe"")","/Game/UI/Textures/Icons/icon_ornamented_wood_shield.icon_ornamented_wood_shield","None","False","10","3","(Construction)","(51000,12,8)","(51602)"
10,"NSLOCTEXT("""", ""B6F62B99465021D628FC96B4555D621A"", ""Blacksmith"")","NSLOCTEXT("""", ""A974DCD54A9D4CE67FB1188FDB376145"", ""XX_Desc: Blacksmith"")","/Game/UI/Textures/Icons/icon_furnace.icon_furnace","None","False","10","3","(Combat,Survival)","(50000)","(89101,89301,16002,16004)"
11,"NSLOCTEXT("""", ""489B1277481D1A82575AFF85A8E34332"", ""Carpenter"")","NSLOCTEXT("""", ""AE33F18A4ED68A4E3CEEAAA46AA8D880"", ""XX_Desc: Carpenter"")","/Game/UI/Textures/Icons/icon_woodworking_bench.icon_woodworking_bench","None","False","10","3","(Combat,Survival)","(50000)","(89401,16021,80301,80302)"
51000,"NSLOCTEXT("""", ""F3F383AD4338F5D53E5B75A841767ABD"", ""Journeyman Craftsman"")","NSLOCTEXT("""", ""C25107CC41BF5A3D1022BEA2BCACA582"", ""XX_Desc: Journeyman Craftsman"")","/Game/UI/Textures/Icons/icon_journeyman_crafter.icon_journeyman_crafter","None","False","10","3","(Survival)","(50000)","(51002,51012,12513)"
51811,"NSLOCTEXT("""", ""A686B69A4AE7E6DE2EFCC3AC3D673806"", ""Iron Broadsword"")","NSLOCTEXT("""", ""1E28DB684F938FD34E5F1B8C3A800E79"", ""XX_Desc: Iron Broadsword"")","/Game/UI/Textures/Icons/icon_exile_broadsword.icon_exile_broadsword","None","False","10","3","(Combat)","(51000,4,10)","(51811)"
89103,"NSLOCTEXT("""", ""750EAD3847C21D0330E1719CBF5456F1"", ""Firebowl Cauldron"")","NSLOCTEXT("""", ""11B6A1C1436DF29541B209BCF2820991"", ""XX_Desc: Firebowl Cauldron"")","/Game/UI/Textures/Icons/icon_mixer.icon_mixer","None","False","10","3","(Survival)","(51000,89001)","(89103)"
51611,"NSLOCTEXT("""", ""7C8E450D418549E82CD446AA286DB2C8"", ""Iron Targe"")","NSLOCTEXT("""", ""24821773406412B88077958B90CC0783"", ""XX_Desc: Iron Targe"")","/Game/UI/Textures/Icons/icon_iron_shield-1.icon_iron_shield-1","None","False","20","5","(Combat)","(51000,12,8)","(51611)"
90010,"NSLOCTEXT("""", ""314E63EF4ECE80F07F865F8FD1061B21"", ""Sandstone Fences"")","NSLOCTEXT("""", ""83AB81994AAB61FB7BA5DB9447993C3D"", ""XX_Desc: Sandstone Fences"")","/Game/UI/Textures/Icons/icon_t1_fence.icon_t1_fence","None","False","10","2","(Construction)","(50000,2)","(90010,90020)"
9,"NSLOCTEXT("""", ""6BA10630464DB5752AAEF5B0A951D413"", ""Tanner"")","NSLOCTEXT("""", ""E9DB9E5D4D38F254BDE9D680567FDA4A"", ""XX_Desc: Tanner"")","/Game/UI/Textures/Icons/icon_tannery.icon_tannery","None","False","10","3","(Combat,Survival)","(50000)","(89104,42001)"
51961,"NSLOCTEXT("""", ""EC1BA08E4CFB848C289FCE93E43EBE0A"", ""Thrall Taker"")","NSLOCTEXT("""", ""1F45D0284630756AD4F6D4A0359283C4"", ""XX_Desc: Thrall Taker"")","/Game/UI/Textures/Icons/icon_rope.icon_rope","None","False","10","3","(Construction)","(50000)","(51961,51303,89911)"
80501,"NSLOCTEXT("""", ""AF594AC943F047F120CF349FE96B62CC"", ""Firemaker"")","NSLOCTEXT("""", ""C8685C2A44116469F17E70938516042B"", ""XX_Desc: Firemaker"")","/Game/UI/Textures/Icons/icon_torch_standing.icon_torch_standing","None","False","11","1","(Decoration,Survival)","(50000,41033)","(80501,80503)"
90021,"NSLOCTEXT("""", ""D00B77DC4501A8A96ABC28A70D9BEAD8"", ""Thatch Sloped Roofs"")","NSLOCTEXT("""", ""DF7F634A41DCEED9B1C048A74FEA17E0"", ""XX_Desc: Thatch Sloped Roofs"")","/Game/UI/Textures/Icons/icon_t1_roofSloped.icon_t1_roofSloped","None","False","11","1","(Construction)","(50000,2)","(90013,90015,90017)"
51952,"NSLOCTEXT("""", ""E850436A4780D37A6FAE5F86975FB743"", ""Iron Poniard"")","NSLOCTEXT("""", ""7C9C830D4607BD72A98DE38F37AFC096"", ""XX_Desc: Iron Poniard"")","/Game/UI/Textures/Icons/icon_poniard_t2.icon_poniard_t2","None","False","12","3","(Combat)","(51000,51951,10)","(51952)"
51921,"NSLOCTEXT("""", ""6ABC8D4A49EB780A54D6BF92992E6FB5"", ""Javelin"")","NSLOCTEXT("""", ""2D7B2FBA4A41588630BA7BA45DA16946"", ""XX_Desc: Javelin"")","/Game/UI/Textures/Icons/icon_Javelin-1.icon_Javelin-1","None","False","12","3","(Combat)","(51000,51951)","(51911)"
80101,"NSLOCTEXT("""", ""68CFC64E4313E0F94B1CBB869AC8B652"", ""Bedshaper"")","NSLOCTEXT("""", ""DCADA06F4CA27F3B8A929F93E679C557"", ""XX_Desc: Bedshaper"")","/Game/UI/Textures/Icons/icon_wooden_bed.icon_wooden_bed","None","False","13","3","(Decoration,Survival)","(50000)","(80101)"
81001,"NSLOCTEXT("""", ""A0AE3CE749D20E89AF27B286D4C37F70"", ""Hunter"")","NSLOCTEXT("""", ""97031DE6472286E5697E7F87C8FBF1E0"", ""XX_Desc: Hunter"")","/Game/UI/Textures/Icons/icon_trophy_gazelle.icon_trophy_gazelle","None","False","14","2","(Combat,Survival)","(50000,11)","(81005,81006,81007)"
80201,"NSLOCTEXT("""", ""637889DA4B836E355BAA28B20DF87755"", ""Tablemaker"")","NSLOCTEXT("""", ""16C44CED4841EE86B5614B9BD7FC6CA0"", ""XX_Desc: Tablemaker"")","/Game/UI/Textures/Icons/icon_table_1.icon_table_1","None","False","14","1","(Decoration)","(51000,11)","(80201,80202)"
7,"NSLOCTEXT("""", ""98108C7B4770F8B91243C6889B4F164B"", ""Arbelist"")","NSLOCTEXT("""", ""A2F62DC84CEF7EEA2C529CB3C069516D"", ""XX_Desc: Arbelist"")","/Game/UI/Textures/Icons/icon_crossbow-1.icon_crossbow-1","None","False","15","4","(Combat)","(51000,6,11)","(51451,53512,53612)"
80701,"NSLOCTEXT("""", ""4974507F494D43113A7EA0A1F90D9E34"", ""Stygian Flag"")","NSLOCTEXT("""", ""4919269F4F25DA140130268C06F80FFD"", ""XX_Desc: Stygian Flag"")","/Game/UI/Textures/Icons/icon_flag_standing_stygia.icon_flag_standing_stygia","None","False","15","1","(Decoration)","(51000)","(80701)"
80752,"NSLOCTEXT("""", ""3F0B6ECD4732859CC71DDCA25A6309AD"", ""Horn"")","NSLOCTEXT("""", ""7F89D7B4459ED5DC87DB90BF8EDCDFA5"", ""XX_Desc: Horn"")","/Game/UI/Textures/Icons/icon_horn.icon_horn","None","False","15","1","(Decoration)","(51000)","(80752)"
51711,"NSLOCTEXT("""", ""6DC5F7BD4414B67EE8DB138A6356740E"", ""Iron Pike"")","NSLOCTEXT("""", ""ECF892A7407CE3C2887CAE91057C5D16"", ""XX_Desc: Iron Pike"")","/Game/UI/Textures/Icons/icon_long_spear-1.icon_long_spear-1","None","False","15","4","(Combat)","(51000,3,10)","(51711)"
52012,"NSLOCTEXT("""", ""45FCDD8C4AFAD6C16F6058B94C61B0E9"", ""Medium Harness"")","NSLOCTEXT("""", ""7ADD82A34F6A626B215F3A8C4C46D76F"", ""XX_Desc: Medium Harness"")","/Game/UI/Textures/Icons/icon_Medium_exile_harness-1.icon_Medium_exile_harness-1","None","False","15","4","(Combat)","(51000,8)","(52012)"
80651,"NSLOCTEXT("""", ""F101595E405C137186865A842B79D1B6"", ""Pottery"")","NSLOCTEXT("""", ""69ADD78A4B96405FD1170D8518D4424E"", ""XX_Desc: Pottery"")","/Game/UI/Textures/Icons/icon_pottery-1.icon_pottery-1","None","False","15","1","(Decoration)","(51000)","(80651)"
80721,"NSLOCTEXT("""", ""413925074EFD9289EB04E9A9D99C0F36"", ""Small Stygian Banner"")","NSLOCTEXT("""", ""C3CD94B343307F045F6D9E99B061DEF7"", ""XX_Desc: Small Stygian Banner"")","/Game/UI/Textures/Icons/icon_flag_hanging1_stygia.icon_flag_hanging1_stygia","None","False","15","1","(Decoration)","(51000)","(80721)"
89010,"NSLOCTEXT("""", ""B8DAAC1244D78674F0AFB886A39A3547"", ""Bonfire"")","NSLOCTEXT("""", ""572CA9B34AD15725B35CA1B18D35BDE8"", ""XX_Desc: Bonfire"")","/Game/UI/Textures/Icons/icon_bonfire.icon_bonfire","None","False","16","2","(Survival)","(50000,89001)","(89010)"
52014,"NSLOCTEXT("""", ""FD9E42834F1B3523FCBAD38AE8088EC5"", ""Medium Tasset"")","NSLOCTEXT("""", ""7E3104704B836C5A31FDCD89A92409E4"", ""XX_Desc: Medium Tasset"")","/Game/UI/Textures/Icons/icon_Medium_exile_tasset-1.icon_Medium_exile_tasset-1","None","False","16","4","(Combat)","(51000,8)","(52014)"
80621,"NSLOCTEXT("""", ""2D2144B740CB925C7D42AE8EC312F88F"", ""Rugstitcher"")","NSLOCTEXT("""", ""2D7E15724BB0AC19E6BDAC89D2BB5C8E"", ""XX_Desc: Rugstitcher"")","/Game/UI/Textures/Icons/icon_hide_rug.icon_hide_rug","None","False","16","1","(Decoration)","(51000)","(80621)"
80251,"NSLOCTEXT("""", ""87D167654FD98B2706476FB365E616F9"", ""Stoolmaker"")","NSLOCTEXT("""", ""B3B9E8E0422D380582F812AD08AE3898"", ""XX_Desc: Stoolmaker"")","/Game/UI/Textures/Icons/icon_stool_A.icon_stool_A","None","False","16","1","(Decoration)","(51000)","(80251,80252,80253)"
80261,"NSLOCTEXT("""", ""EFD79AFF4DA3435A7528D38AB42EF24B"", ""Wooden Chair"")","NSLOCTEXT("""", ""DDB79D624DBB60A8DE074BA8E1E9AE91"", ""XX_Desc: Wooden Chair"")","/Game/UI/Textures/Icons/icon_chair_2.icon_chair_2","None","False","17","1","(Decoration)","(51000)","(80261)"
51852,"NSLOCTEXT("""", ""E016A8B4440FBB62195AE2BF6871DAB7"", ""Iron Axe"")","NSLOCTEXT("""", ""AA65D867486429155E6AF086D88BCDCD"", ""XX_Desc: Iron Axe"")","/Game/UI/Textures/Icons/icon_iron_axe.icon_iron_axe","None","False","14","3","(Combat)","(51000,4,10)","(51852)"
52011,"NSLOCTEXT("""", ""F00894354023112D37FBB08AF91E10C7"", ""Medium Cap"")","NSLOCTEXT("""", ""6616AF294D1ABD6F4AB5A6A31F82028A"", ""XX_Desc: Medium Cap"")","/Game/UI/Textures/Icons/icon_Medium_exile_cap-1.icon_Medium_exile_cap-1","None","False","17","4","(Combat)","(51000,8)","(52011)"
80210,"NSLOCTEXT("""", ""63C36A244A3BB307A89B0EBDF29F2DE3"", ""Simple Palisade"")","NSLOCTEXT("""", ""3257AEDE47D4319362054485C671DCD5"", ""XX_Desc: Simple Palisade"")","/Game/UI/Textures/Icons/icon_siege_palisade_1.icon_siege_palisade_1","None","False","17","2","(Decoration)","(50000,11)","(80210)"
51812,"NSLOCTEXT("""", ""8D1E30A04BD19E6A76DB0AA17CB6A274"", ""Stygian Khopesh"")","NSLOCTEXT("""", ""18A5A8C74CC8712B0F7524B4CB5E08ED"", ""XX_Desc: Stygian Khopesh"")","/Game/UI/Textures/Icons/icon_khopesh-1.icon_khopesh-1","None","False","17","4","(Combat)","(51000,4,10)","(51812)"
80211,"NSLOCTEXT("""", ""B2A1561A4CBAF5C1BDC50E9CAF6CAD70"", ""Palisade"")","NSLOCTEXT("""", ""5675CD0C49AC645D82491297A8B31034"", ""XX_Desc: Palisade"")","/Game/UI/Textures/Icons/icon_siege_palisade_2.icon_siege_palisade_2","None","False","17","2","(Decoration)","(51000)","(80211)"
80271,"NSLOCTEXT("""", ""26DCCA784E490B92FA16F2A7CB23B8D4"", ""Log Bench"")","NSLOCTEXT("""", ""BA1FFBC241621C7E421D1190B49FCB7C"", ""XX_Desc: Log Bench"")","/Game/UI/Textures/Icons/icon_log_bench.icon_log_bench","None","False","18","1","(Decoration)","(51000)","(80271)"
52015,"NSLOCTEXT("""", ""BEE39BE04E9DA68B124CBC81AFE904A8"", ""Medium Boots"")","NSLOCTEXT("""", ""7B60E119484DBE39A3C3E381AD9E79F3"", ""XX_Desc: Medium Boots"")","/Game/UI/Textures/Icons/icon_Medium_exile_boots-1.icon_Medium_exile_boots-1","None","False","18","2","(Combat)","(51000,8)","(52015)"
52013,"NSLOCTEXT("""", ""8098839345BBDCB92420FDA27749D5AB"", ""Medium Gauntlets"")","NSLOCTEXT("""", ""9AEB78CF41D29968ADA4F694D113127A"", ""XX_Desc: Medium Gauntlets"")","/Game/UI/Textures/Icons/icon_Medium_exile_gauntlets-1.icon_Medium_exile_gauntlets-1","None","False","18","2","(Combat)","(51000,8)","(52013)"
80171,"NSLOCTEXT("""", ""5934524C4117922449F7A2BFC535DB22"", ""Spike"")","NSLOCTEXT("""", ""FD6FD0934EB8B567CDA463A52F2E5013"", ""XX_Desc: Spike"")","/Game/UI/Textures/Icons/icon_spike.icon_spike","None","False","18","1","(Decoration,Combat)","(51000)","(80171)"
80551,"NSLOCTEXT("""", ""3626D3FD48BC5888EBA090BE9113B161"", ""Tapestry Weaver"")","NSLOCTEXT("""", ""F276244947C3D57953C3BEB45229B257"", ""XX_Desc: Tapestry Weaver"")","/Game/UI/Textures/Icons/icon_orange_tapestry.icon_orange_tapestry","None","False","18","1","(Decoration)","(51000)","(80551)"
80601,"NSLOCTEXT("""", ""300BE525483C01ED245B03A35FBD0FDE"", ""Carpetmaker"")","NSLOCTEXT("""", ""B23150F34E800B8104D37B9BFFF73586"", ""XX_Desc: Carpetmaker"")","/Game/UI/Textures/Icons/icon_carpet_stygian_1.icon_carpet_stygian_1","None","False","19","1","(Decoration)","(51000)","(80601)"
53614,"NSLOCTEXT("""", ""ECAC660C4F98450D3F288C951E8FD6C7"", ""Fire Arrows"")","NSLOCTEXT("""", ""A07616DB4B200ED12FDE80BB5FDE5D14"", ""XX_Desc: Fire Arrows"")","/Game/UI/Textures/Icons/icon_fire_arrow.icon_fire_arrow","None","False","24","5","(Combat)","(51000,6,11)","(53614,53514)"
51302,"NSLOCTEXT("""", ""1C07476A42B56D0F96479D8C3D4E037E"", ""Iron Mace"")","NSLOCTEXT("""", ""7FEF9B7A4988AADCBF98EAA516DAF46E"", ""XX_Desc: Iron Mace"")","/Game/UI/Textures/Icons/icon_iron_mace_morningstar.icon_iron_mace_morningstar","None","False","20","5","(Combat)","(51000,4,10)","(51302)"
80852,"NSLOCTEXT("""", ""C35FE6D6482FC61BC6275CBE39CD7642"", ""Large Chest"")","NSLOCTEXT("""", ""05236481450FCDB3466541B951625BF3"", ""XX_Desc: Large Chest"")","/Game/UI/Textures/Icons/icon_chest.icon_chest","None","False","20","5","(Construction)","(51000)","(80852)"
55013,"NSLOCTEXT("""", ""1666DC6445CBA2DE609B8CA486F78219"", ""Priest of Mitra"")","NSLOCTEXT("""", ""33DCA3E4403A0BED9E2D38A154F5AF44"", ""XX_Desc: Priest of Mitra"")","/Game/UI/Textures/Icons/icon_t2_altar_of_mitra.icon_t2_altar_of_mitra","None","False","20","10","(Combat)","(51000,55003)","(80972,52522,52524,80975)"
55011,"NSLOCTEXT("""", ""9DAF25054A21B23E4C4513904F2F0C9F"", ""Priest of Set"")","NSLOCTEXT("""", ""A321D7C148FE0E90395B52B055787592"", ""XX_Desc: Priest of Set"")","/Game/UI/Textures/Icons/icon_t2_alter_of_set.icon_t2_alter_of_set","None","False","20","10","(Combat)","(51000,55001)","(80952,52501,52502,52504,52505,53651)"
55012,"NSLOCTEXT("""", ""EEE16A274D65D0F6A567AE9AA3A3F49A"", ""Priest of Yog"")","NSLOCTEXT("""", ""03F6DA664EE9DD26F404AA8062318A0A"", ""XX_Desc: Priest of Yog"")","/Game/UI/Textures/Icons/icon_t2_alter_of_yog.icon_t2_alter_of_yog","None","False","20","10","(Combat)","(51000,55002)","(80962,52511,51922)"
51305,"NSLOCTEXT("""", ""F9C2FFC04BF38069FFF149B4CBAE605A"", ""Steel Mace"")","NSLOCTEXT("""", ""C23A5C4641A49A602596BA946CC750E1"", ""XX_Desc: Steel Mace"")","/Game/UI/Textures/Icons/icon_steel_mace.icon_steel_mace","None","False","38","8","(Combat)","(52000,4,10)","(51305)"
90101,"NSLOCTEXT("""", ""182CC75146D9AA350258EDB03E6AFAD0"", ""Journeyman Stonemason"")","NSLOCTEXT("""", ""161F1B464A0DEB85EAC976A64CDCDD25"", ""XX_Desc: Journeyman Stonemason"")","/Game/UI/Textures/Icons/icon_t2_foundation.icon_t2_foundation","None","False","20","5","(Construction)","(51000,2)","(90101,90103)"
81002,"NSLOCTEXT("""", ""EC6F195749DE0CBF11F1CAA1D50CBD10"", ""Big Game Hunter"")","NSLOCTEXT("""", ""7AF44FA04CADF643A862A1A6311A9AF0"", ""XX_Desc: Big Game Hunter"")","/Game/UI/Textures/Icons/icon_trophy_white.icon_trophy_white","None","False","21","3","(Survival)","(51000,81001)","(81001,81002,81003,81004)"
90102,"NSLOCTEXT("""", ""218BFB704CE6CE844B4BB892A2A23E28"", ""Stonebrick Walls"")","NSLOCTEXT("""", ""2D19BD2E45C7983A9EB713B4CCAEE18C"", ""XX_Desc: Stonebrick Walls"")","/Game/UI/Textures/Icons/icon_t2_wall.icon_t2_wall","None","False","21","2","(Construction)","(51000,90101)","(90102,90107)"
51151,"NSLOCTEXT("""", ""2BECF3224B716F81CD5015B90F6C829B"", ""Iron Warhammer"")","NSLOCTEXT("""", ""9BCC4A8D4D48B46700D449A1DD7D1122"", ""XX_Desc: Iron Warhammer"")","/Game/UI/Textures/Icons/icon_warhammer.icon_warhammer","None","False","22","5","(Combat)","(51000,3,10)","(51151)"
90104,"NSLOCTEXT("""", ""99B2D41A4823D46FBF670499DC22B2F2"", ""Stonebrick Doorframe"")","NSLOCTEXT("""", ""25E67DD7459D11E816959A81584373C2"", ""XX_Desc: Stonebrick Doorframe"")","/Game/UI/Textures/Icons/icon_t2_doorFrame.icon_t2_doorFrame","None","False","23","3","(Construction)","(51000,90101)","(90104,90108)"
80722,"NSLOCTEXT("""", ""96A121704F52DE347F057F877A6E16E4"", ""Stygian Banner"")","NSLOCTEXT("""", ""BE8529684D9B9BF5847722B46F170F7C"", ""XX_Desc: Stygian Banner"")","/Game/UI/Textures/Icons/icon_flag_hanging2_stygia.icon_flag_hanging2_stygia","None","False","24","2","(Decoration)","(51000,80721)","(80722)"
51821,"NSLOCTEXT("""", ""4667DD6340847D0759E7B2BC23273FC2"", ""Cutlass"")","NSLOCTEXT("""", ""8C8BD0CE4CE722A3BEDBC9B8B32F439F"", ""XX_Desc: Cutlass"")","/Game/UI/Textures/Icons/icon_cutlass.icon_cutlass","None","False","25","6","(Combat)","(51000,4,10)","(51821)"
90109,"NSLOCTEXT("""", ""FC7977DC4F761C4D8F57E8A54BAC4451"", ""Stonebrick Pillar"")","NSLOCTEXT("""", ""C995228049026782E15101871D0550BD"", ""XX_Desc: Stonebrick Pillar"")","/Game/UI/Textures/Icons/icon_t2_pillar.icon_t2_pillar","None","False","25","2","(Construction)","(51000,90101)","(90109)"
90105,"NSLOCTEXT("""", ""1A362FC4459AE3EE25F5D2A66CB9D154"", ""Stonebrick Stairs"")","NSLOCTEXT("""", ""6A8063A4414F5E492B8E929616443229"", ""XX_Desc: Stonebrick Stairs"")","/Game/UI/Textures/Icons/icon_t2_stairs.icon_t2_stairs","None","False","25","2","(Construction)","(51000,90101)","(90105)"
80131,"NSLOCTEXT("""", ""B13671FA40AA06B03E4AFAB4489B68FB"", ""Water Well"")","NSLOCTEXT("""", ""92EDEA274EF0248FFEAF589FE1E41F7B"", ""XX_Desc: Water Well"")","/Game/UI/Textures/Icons/icon_large_water_well.icon_large_water_well","None","False","25","6","(Construction)","(51000,90101)","(80131)"
90106,"NSLOCTEXT("""", ""19CA2A3542920AFAB3F8258C0DD098A5"", ""Stonebrick Wedges"")","NSLOCTEXT("""", ""1CA3529C48D6E1EF18A8F6AF7027DB19"", ""XX_Desc: Stonebrick Wedges"")","/Game/UI/Textures/Icons/icon_t2_triangle.icon_t2_triangle","None","False","26","3","(Construction)","(51000,90101)","(90106,90111,90114,90118)"
51931,"NSLOCTEXT("""", ""2935FF80436F3D4AD1CAA0B13697DBE0"", ""Stygian Bronze Spear"")","NSLOCTEXT("""", ""3D528A3341DC36E5062645BC3323EAF1"", ""XX_Desc: Stygian Bronze Spear"")","/Game/UI/Textures/Icons/icon_stygian_bronze_spear.icon_stygian_bronze_spear","None","False","27","6","(Combat)","(51000,3,10)","(51931)"
90110,"NSLOCTEXT("""", ""BC3F0EF642B0D787FE8857AD0C9DACB4"", ""Stonebrick Fences"")","NSLOCTEXT("""", ""2105E52942CEC679F939C2B42B9CB56F"", ""XX_Desc: Stonebrick Fences"")","/Game/UI/Textures/Icons/icon_t2_fence.icon_t2_fence","None","False","27","2","(Construction)","(51000,90101)","(90110,90120)"
90121,"NSLOCTEXT("""", ""F26CAED644767D6B4CA3A683C527E61B"", ""Stonebrick Gateway"")","NSLOCTEXT("""", ""96CB645B4781B42CE8AD74B87D710D17"", ""XX_Desc: Stonebrick Gateway"")","/Game/UI/Textures/Icons/icon_t2_gate_frame.icon_t2_gate_frame","None","False","27","6","(Construction)","(51000,90101)","(90121,90122)"
51912,"NSLOCTEXT("""", ""24DAEC464960791C74F8A2B4151E1393"", ""Throwing Axe"")","NSLOCTEXT("""", ""C7958EF94294E9043623DDA6ABE750CC"", ""XX_Desc: Throwing Axe"")","/Game/UI/Textures/Icons/icon_throwing_axe.icon_throwing_axe","None","False","27","6","(Combat)","(51000,51951,10)","(51912)"
51403,"NSLOCTEXT("""", ""0E36F16A431928DB4A976EA33301B22E"", ""Wooden Sloped Roofs"")","NSLOCTEXT("""", ""3EE501624FBC28DB7E6671AD1C103BF9"", ""XX_Desc: Wooden Sloped Roofs"")","/Game/UI/Textures/Icons/icon_t2_roofSloped.icon_t2_roofSloped","None","False","28","2","(Construction)","(51000,90101)","(90113,90115,90117)"
52000,"NSLOCTEXT("""", ""4E17132A43CDE15BC95611A381FB7849"", ""Master Craftsman"")","NSLOCTEXT("""", ""48C99C944972579B7BE296AC78701201"", ""XX_Desc: Master Craftsman"")","/Game/UI/Textures/Icons/icon_master_crafter.icon_master_crafter","None","False","30","7","(Survival)","(51000)","(51013,51003)"
52022,"NSLOCTEXT("""", ""CAA1BCB94FED9C26ECED34BEFC7C65C8"", ""Heavy Pauldron"")","NSLOCTEXT("""", ""DB56C6CD424EA6B26E2FE3A2AD492F89"", ""XX_Desc: Heavy Pauldron"")","/Game/UI/Textures/Icons/icon_heavy_exile_pauldron.icon_heavy_exile_pauldron","None","False","30","7","(Combat)","(52000,8)","(52022)"
51402,"NSLOCTEXT("""", ""927378E246173AAD129F828922C2994A"", ""Hyrkanian Bow"")","NSLOCTEXT("""", ""B67A47FC4412A1793227DF8A5A526965"", ""XX_Desc: Hyrkanian Bow"")","/Game/UI/Textures/Icons/icon_composite_bow.icon_composite_bow","None","False","30","7","(Combat)","(52000,6,11)","(51402)"
51831,"NSLOCTEXT("""", ""F0685A0E41A86946E8A74B96A5327C3F"", ""Longsword"")","NSLOCTEXT("""", ""81DB63A741E064E51BDBA2BA35D94780"", ""XX_Desc: Longsword"")","/Game/UI/Textures/Icons/icon_longsword.icon_longsword","None","False","30","7","(Combat)","(52000,4,10)","(51831)"
52081,"NSLOCTEXT("""", ""63CDC9A844111BCBB150A7836B4C2DF8"", ""Sandstorm Mask"")","NSLOCTEXT("""", ""44E64C314BF16B796D6A8BA14DC5E38E"", ""XX_Desc: Sandstorm Mask"")","/Game/UI/Textures/Icons/icon_sandstorm_mask.icon_sandstorm_mask","None","False","30","14","(Combat)","(52000)","(52081)"
90201,"NSLOCTEXT("""", ""B687FBB442BAC340F943AC8397FF5A9E"", ""Master Stonemason"")","NSLOCTEXT("""", ""318466754F10BF36842A2693509BB0E1"", ""XX_Desc: Master Stonemason"")","/Game/UI/Textures/Icons/icon_t3_foundation.icon_t3_foundation","None","False","30","7","(Construction)","(52000,90101)","(90201,90203)"
89912,"NSLOCTEXT("""", ""FA1C0D334B9C51422A5B6D9A0C9AF166"", ""Wheel of Pain"")","NSLOCTEXT("""", ""85E88F634C27AC42ECF5AFB524CC25FE"", ""XX_Desc: Wheel of Pain"")","/Game/UI/Textures/Icons/icon_wheel_of_pain_xl.icon_wheel_of_pain_xl","None","False","30","7","(Construction)","(51000,51961,90101)","(89912)"
80753,"NSLOCTEXT("""", ""12210F99413F8D3C51313FACF8EC38E6"", ""Darfari Wind Chimes"")","NSLOCTEXT("""", ""C242B7D7405D9FECEF1080A07A1A0E77"", ""XX_Desc: Darfari Wind Chimes"")","/Game/UI/Textures/Icons/icon_darfari_wind_chimes.icon_darfari_wind_chimes","None","False","31","2","(Decoration)","(52000)","(80753)"
51621,"NSLOCTEXT("""", ""C78E1CAD4563C1E646E90C8C8A399825"", ""Steel Heater Shield"")","NSLOCTEXT("""", ""662F86BC440D970E4686BF86D7C4D9C4"", ""XX_Desc: Steel Heater Shield"")","/Game/UI/Textures/Icons/icon_heater_shield.icon_heater_shield","None","False","32","7","(Combat)","(52000,12,8)","(51621)"
51953,"NSLOCTEXT("""", ""F2AF2EFE440156FB86D698A29678E016"", ""Steel Poniard"")","NSLOCTEXT("""", ""1DF86B1F48677AE149ABF4AF89E09174"", ""XX_Desc: Steel Poniard"")","/Game/UI/Textures/Icons/icon_poignard.icon_poignard","None","False","32","7","(Combat)","(52000,51951,10)","(51953)"
90202,"NSLOCTEXT("""", ""EBB732964C2BCBD016E0BBB417C2BCE0"", ""Reinforced Stone Walls"")","NSLOCTEXT("""", ""EBCBA5B5425BAE0D3B1320A45653908D"", ""XX_Desc: Reinforced Stone Walls"")","/Game/UI/Textures/Icons/icon_t3_wall.icon_t3_wall","None","False","32","2","(Construction)","(52000,90201)","(90202,90207)"
80695,"NSLOCTEXT("""", ""8FE0F8854B1F42DB0E761EB09DFA55D9"", ""Wooden Shelf"")","NSLOCTEXT("""", ""D00E84984ABD5F5612098AABEB25D589"", ""XX_Desc: Wooden Shelf"")","/Game/UI/Textures/Icons/icon_shelf.icon_shelf","None","False","33","2","(Decoration)","(51000)","(80695)"
51822,"NSLOCTEXT("""", ""5D13C4C94D3E4DCF1C315099BD1837EA"", ""Falcata"")","NSLOCTEXT("""", ""94CE4DC44217077E8026B387705CF6B1"", ""XX_Desc: Falcata"")","/Game/UI/Textures/Icons/icon_falcata.icon_falcata","None","False","34","7","(Combat)","(52000,4,10)","(51822)"
80152,"NSLOCTEXT("""", ""B9EE29194C5F4CB05298AFB6DE5E1553"", ""Archery Target"")","NSLOCTEXT("""", ""7A7E1B164442FF1922E5E6827745CAFC"", ""XX_Desc: Archery Target"")","/Game/UI/Textures/Icons/icon_archery_target.icon_archery_target","None","False","35","2","(Decoration,Combat)","(52000)","(80152)"
52024,"NSLOCTEXT("""", ""6CB1129B4D4D06B34F586FB864A99B36"", ""Heavy Tasset"")","NSLOCTEXT("""", ""0DAF882049833F8FC0BCD58DF2F815FD"", ""XX_Desc: Heavy Tasset"")","/Game/UI/Textures/Icons/icon_heavy_exile_tasset.icon_heavy_exile_tasset","None","False","36","8","(Combat)","(52000,8)","(52024)"
51154,"NSLOCTEXT("""", ""42E977374A9380B8F6A939A7EC519DC5"", ""Steel Warhammer"")","NSLOCTEXT("""", ""3C1B4A254BA36544D4EA36B2D219B2CB"", ""XX_Desc: Steel Warhammer"")","/Game/UI/Textures/Icons/icon_steel_warhammer.icon_steel_warhammer","None","False","36","8","(Combat)","(52000,3,10)","(51154)"
90204,"NSLOCTEXT("""", ""DEDECC834AFB1815F3FB75ADD25B784D"", ""Reinforced Stone Doorframe"")","NSLOCTEXT("""", ""8E2316E449BC4F480383D88FF84CF060"", ""XX_Desc: Reinforced Stone Doorframe"")","/Game/UI/Textures/Icons/icon_t3_doorFrame.icon_t3_doorFrame","None","False","36","4","(Construction)","(52000,90201)","(90204,90219)"
80673,"NSLOCTEXT("""", ""4B4C0CA4432CA243709CD992812FE5A2"", ""Keg"")","NSLOCTEXT("""", ""759163CC4D6D770B644FF281FD87DA59"", ""XX_Desc: Keg"")","/Game/UI/Textures/Icons/icon_beer_keg.icon_beer_keg","None","False","37","2","(Decoration)","(51000)","(80673)"
80901,"NSLOCTEXT("""", ""8AC5689C4E7DA8C2122C98818B69AF41"", ""Explosive Jar"")","NSLOCTEXT("""", ""A539FE0844CF2307A8726F85CF860CF1"", ""XX_Desc: Explosive Jar"")","/Game/UI/Textures/Icons/icon_explosive_jar-1.icon_explosive_jar-1","None","False","38","16","(Combat)","(52000,89103,80651)","(80901)"
51712,"NSLOCTEXT("""", ""12873EA54E6A805146C7C2BD797B696D"", ""Steel Trident"")","NSLOCTEXT("""", ""33E17BC4419613DACD23FFAD4B24B393"", ""XX_Desc: Steel Trident"")","/Game/UI/Textures/Icons/icon_trident.icon_trident","None","False","38","8","(Combat)","(52000,3,10)","(51712)"
52021,"NSLOCTEXT("""", ""18DB52C44DCE2AF3DCBB978702588B35"", ""Heavy Helmet"")","NSLOCTEXT("""", ""C003DB7B4E4EF485627F68BC78381A21"", ""XX_Desc: Heavy Helmet"")","/Game/UI/Textures/Icons/icon_heavy_exile_helmet.icon_heavy_exile_helmet","None","False","39","8","(Combat)","(52000,8)","(52021)"
51851,"NSLOCTEXT("""", ""E9329F2243D77D29750F07B0A7FD951D"", ""Cimmerian Battle-axe"")","NSLOCTEXT("""", ""C615F7FB4D05025A8A0F9EBA9A136251"", ""XX_Desc: Cimmerian Battle-axe"")","/Game/UI/Textures/Icons/icon_cimmerian_battleaxe.icon_cimmerian_battleaxe","None","False","40","9","(Combat)","(52000,4,10)","(51851)"
80661,"NSLOCTEXT("""", ""C1C3C12748364FAFCDC87991F29C7A3A"", ""Ironmonger"")","NSLOCTEXT("""", ""F44AFCBD48ED66B0982C8684B069B15A"", ""XX_Desc: Ironmonger"")","/Game/UI/Textures/Icons/icon_metal_pot_1.icon_metal_pot_1","None","False","40","3","(Decoration)","(52000,80651)","(80661,80662,80663)"
53613,"NSLOCTEXT("""", ""46892A6447B4385E55D741ACD40CE31C"", ""Razor Arrows"")","NSLOCTEXT("""", ""6A263FD54A0CCA5DFD72B487078A645B"", ""XX_Desc: Razor Arrows"")","/Game/UI/Textures/Icons/icon_razor_arrow.icon_razor_arrow","None","False","40","9","(Combat)","(52000,6,11)","(53613,53513)"
51454,"NSLOCTEXT("""", ""3BD814E14250CE5A389B7BB946FDD4F6"", ""Heavy Crossbow"")","NSLOCTEXT("""", ""401CABE84E24FA383AF49D9FF8F60AC1"", ""XX_Desc: Heavy Crossbow"")","/Game/UI/Textures/Icons/icon_steel_crossbow.icon_steel_crossbow","None","False","40","9","(Combat)","(52000,6,11)","(51454)"
90209,"NSLOCTEXT("""", ""40B7E8ED4A8B1C23042BA58CA02A9FD7"", ""Reinforced Stone Pillar"")","NSLOCTEXT("""", ""9642540D47B3299A099DFB82E1D544A9"", ""XX_Desc: Reinforced Stone Pillar"")","/Game/UI/Textures/Icons/icon_t3_pillar.icon_t3_pillar","None","False","40","3","(Construction)","(52000,90201)","(90209)"
90208,"NSLOCTEXT("""", ""6A88470443D579FD569E27BB1691DE12"", ""Reinforced Stone Stairs"")","NSLOCTEXT("""", ""44E9DDB9417D84AC3BFD659D19DBA988"", ""XX_Desc: Reinforced Stone Stairs"")","/Game/UI/Textures/Icons/icon_t3_stairs.icon_t3_stairs","None","False","40","3","(Construction)","(52000,90201)","(90205)"
80571,"NSLOCTEXT("""", ""2C8C0391472F2BF276DF22B90A0F3EB8"", ""Awnings"")","NSLOCTEXT("""", ""DB3B93984B7DBAEED3E162BE4F1575C0"", ""XX_Desc: Awnings"")","/Game/UI/Textures/Icons/icon_awning_orange.icon_awning_orange","None","False","41","3","(Decoration)","(52000)","(80571)"
80733,"NSLOCTEXT("""", ""41C96D71414C2C54A9D9C0BFC4DB48D7"", ""Large Stygian Banner"")","NSLOCTEXT("""", ""138559E4489DD504FFD00390150C0098"", ""XX_Desc: Large Stygian Banner"")","/Game/UI/Textures/Icons/icon_flag_hanging3_stygia.icon_flag_hanging3_stygia","None","False","42","3","(Decoration)","(52000,80722)","(80723)"
90206,"NSLOCTEXT("""", ""A8E261EC4A5A27172202F8B4F75707B6"", ""Reinforced Stone Wedges"")","NSLOCTEXT("""", ""5BFDE4774BCF51C90CC5CB8937F86326"", ""XX_Desc: Reinforced Stone Wedges"")","/Game/UI/Textures/Icons/icon_t3_triangle.icon_t3_triangle","None","False","42","5","(Construction)","(52000,90201)","(90206,90211,90214,90218)"
52023,"NSLOCTEXT("""", ""A58463AA47308F0D891198AF437ABF0D"", ""Heavy Gauntlets"")","NSLOCTEXT("""", ""BB0456FD4499D0EC0140AB8EFD65428D"", ""XX_Desc: Heavy Gauntlets"")","/Game/UI/Textures/Icons/icon_heavy_exile_gauntlets.icon_heavy_exile_gauntlets","None","False","43","5","(Combat)","(52000,8)","(52023)"
52025,"NSLOCTEXT("""", ""65AB721E491025F5080827ACFEFE18E4"", ""Heavy Sabatons"")","NSLOCTEXT("""", ""B0C07C054D477F161060709175F1C344"", ""XX_Desc: Heavy Sabatons"")","/Game/UI/Textures/Icons/icon_heavy_exile_sabatons.icon_heavy_exile_sabatons","None","False","44","5","(Combat)","(52000,8)","(52025)"
90210,"NSLOCTEXT("""", ""233DDC964C36F377EAD860990B32B1F8"", ""Reinforced Stone Fences"")","NSLOCTEXT("""", ""6FF4D98F41BCFA31DC18F5ACD031E0F2"", ""XX_Desc: Reinforced Stone Fences"")","/Game/UI/Textures/Icons/icon_t3_fence.icon_t3_fence","None","False","44","3","(Construction)","(52000,90201)","(90210,90220)"
51406,"NSLOCTEXT("""", ""B2438C2C49D78A9696E1418EA726F708"", ""Ancient Bow"")","NSLOCTEXT("""", ""C8A355584637C50F06BF91BD49D6EE5C"", ""XX_Desc: Ancient Bow"")","/Game/UI/Textures/Icons/icon_ancient_bow.icon_ancient_bow","None","False","45","10","(Combat)","(51021,6,11)","(51406)"
51813,"NSLOCTEXT("""", ""C7C3D0B24DDF8FB22B84E3A2CA2BBFD8"", ""Ancient Khopesh"")","NSLOCTEXT("""", ""08EF8F4642EFB86B12661F82F7049EC2"", ""XX_Desc: Ancient Khopesh"")","/Game/UI/Textures/Icons/icon_ancient_iron_sword.icon_ancient_iron_sword","None","False","45","10","(Combat)","(51021,4,10)","(51813)"
51622,"NSLOCTEXT("""", ""C3092A2344FB7E894023E3A8AF8EDF68"", ""Ancient Shield"")","NSLOCTEXT("""", ""E50E1A0B4BFE2B9BAA530D845A551D89"", ""XX_Desc: Ancient Shield"")","/Game/UI/Textures/Icons/icon_ancient_iron_shield.icon_ancient_iron_shield","None","False","45","10","(Combat)","(51021,12,8)","(51622)"
51155,"NSLOCTEXT("""", ""1D40693F4E243DEADB9D798EAB8E820D"", ""Ancient Warhammer"")","NSLOCTEXT("""", ""2ABDD80A4E200BF33236F2AF2ED7AA2B"", ""XX_Desc: Ancient Warhammer"")","/Game/UI/Textures/Icons/icon_steel_warhammer.icon_steel_warhammer","None","False","45","10","(Combat)","(51021,3,10)","(51155)"
51021,"NSLOCTEXT("""", ""1C29BEC543CA91815CF897A07B0806F9"", ""Ancient Scholar"")","NSLOCTEXT("""", ""591174224E87960E7D6D06B9EA62BE16"", ""XX_Desc: Ancient Scholar"")","/Game/UI/Textures/Icons/icon_multi_tool.icon_multi_tool","None","False","45","10","(Survival)","(52000)","(51021)"
90227,"NSLOCTEXT("""", ""96D4646D42FE4D0C5DE2B09FEE4D882B"", ""Reinforced Stone Gateway"")","NSLOCTEXT("""", ""96EB9BE0461B044BF4DFFE8F2B9D79D7"", ""XX_Desc: Reinforced Stone Gateway"")","/Game/UI/Textures/Icons/icon_t3_gate_frame.icon_t3_gate_frame","None","False","45","10","(Construction)","(52000,90201)","(90221,90222)"
80853,"NSLOCTEXT("""", ""CD90C69444D3CA4E66E36FA110094C23"", ""Vault"")","NSLOCTEXT("""", ""976FAE5D4BEEF6FC88E758B5B8370AB2"", ""XX_Desc: Vault"")","/Game/UI/Textures/Icons/icon_vault.icon_vault","None","False","45","10","(Construction)","(52000)","(80853)"
80515,"NSLOCTEXT("""", ""0F6F5AEE4FF028F29F005B8FFF4CFB9B"", ""Wall Lantern"")","NSLOCTEXT("""", ""8D2A3E534F21E3CE18FCEFB760C9BE7F"", ""XX_Desc: Wall Lantern"")","/Game/UI/Textures/Icons/icon_wall_lantern.icon_wall_lantern","None","False","45","3","(Decoration,Survival)","(52000,80511)","(80515)"
90221,"NSLOCTEXT("""", ""5CF102784713AC78AF49028CDB29F0C6"", ""Tiled Sloped Roofs"")","NSLOCTEXT("""", ""9AFB603A4CD7A13ACF4AA2B81FDA5ABE"", ""XX_Desc: Tiled Sloped Roofs"")","/Game/UI/Textures/Icons/icon_t3_roofSloped.icon_t3_roofSloped","None","False","46","3","(Construction)","(52000,90201)","(90213,90215,90217)"
81003,"NSLOCTEXT("""", ""03FC573042D3F0763ED3CFBE39955923"", ""Exotic Game Hunter"")","NSLOCTEXT("""", ""64EF232F4C0134119895B19396304A6F"", ""XX_Desc: Exotic Game Hunter"")","/Game/UI/Textures/Icons/icon_trophy_rocknose.icon_trophy_rocknose","None","False","47","5","(Decoration)","(51000,81002)","(81008,81009)"
80751,"NSLOCTEXT("""", ""4770BBEF429292B5E55B5F88069E77A8"", ""Gong"")","NSLOCTEXT("""", ""4B85E8B9407BDE9BE9A00BBD47FA438B"", ""XX_Desc: Gong"")","/Game/UI/Textures/Icons/icon_gong.icon_gong","None","False","49","3","(Decoration)","(52000)","(80751)"
80132,"NSLOCTEXT("""", ""0CB219564EF17DC7FBFC0883CD97E50E"", ""Large Water Well"")","NSLOCTEXT("""", ""B245174940F13AD12FC5A98F26869483"", ""XX_Desc: Large Water Well"")","/Game/UI/Textures/Icons/icon_t2_water_well.icon_t2_water_well","None","False","49","10","(Construction,Survival)","(52000,90201,80131)","(80132)"
55023,"NSLOCTEXT("""", ""2A03446348C1ED4DC7AEB7A5CF690252"", ""High Priest of Mitra"")","NSLOCTEXT("""", ""1B3EDA324DE422B8E9902C94014DF1C8"", ""XX_Desc: High Priest of Mitra"")","/Game/UI/Textures/Icons/icon_t3_altar_of_mitra.icon_t3_altar_of_mitra","None","False","50","11","(Combat)","(52000,55013)","(80973,51816)"
55021,"NSLOCTEXT("""", ""CEEFBEDA4F6BE756DEF7C88C3DFEC272"", ""High Priest of Set"")","NSLOCTEXT("""", ""203E5C764AEC174020968BB15F814AF7"", ""XX_Desc: High Priest of Set"")","/Game/UI/Textures/Icons/icon_t3_alter_of_set.icon_t3_alter_of_set","None","False","50","11","(Combat)","(52000,55011)","(80953,51817,51625)"
55022,"NSLOCTEXT("""", ""3A5D89764D6FE0DBAE4217AD0BC03B64"", ""High Priest of Yog"")","NSLOCTEXT("""", ""7EF8B2704EA05A6B518AFDAC55671F73"", ""XX_Desc: High Priest of Yog"")","/Game/UI/Textures/Icons/icon_t3_alter_of_yog.icon_t3_alter_of_yog","None","False","50","11","(Combat)","(52000,55012)","(80963,51855)"
80281,"NSLOCTEXT("""", ""57D2A67342F5A0AB7F94FFB10A974E4A"", ""The Royal"")","NSLOCTEXT("""", ""2F60F5BF44C4ECCC5D99F5AEDEBFFCD0"", ""XX_Desc: The Royal"")","/Game/UI/Textures/Icons/icon_throne.icon_throne","None","False","50","11","(Decoration)","(52000)","(80281)"
89913,"NSLOCTEXT("""", ""C65C51D8414CF53751016C96C2CC9DCC"", ""Greater Wheel of Pain"")","NSLOCTEXT("""", ""EE9AB050498C64DF804B21B539677B53"", ""XX_Desc: Greater Wheel of Pain"")","/Game/UI/Textures/Icons/icon_wheel_of_pain_xxl.icon_wheel_of_pain_xxl","None","False","50","11","(Construction)","(52000,89912,90201)","(89913)"
300000,"NSLOCTEXT("""", ""BBB2E9BC46EA908572737084EED03E39"", ""Brewery Mixer"")","","/Game/Mods/brewery_mod/icon_brewery.icon_brewery","None","False","15","4","(Survival)","(51000)","(300000,300001,300006,300015)"
300003,"NSLOCTEXT("""", ""D93CCE194EBDD51824E9ADA1269DEEA5"", ""Beehive"")","","/Game/Mods/brewery_mod/icon_beehive.icon_beehive","None","False","15","3","(Survival)","(51000)","(300003,300007,300018)"
300008,"NSLOCTEXT("""", ""AF5F251846F48F08CE35CE9FC6BBCD9C"", ""Mortar"")","","/Game/Mods/brewery_mod/icon_mortar.icon_mortar","None","False","15","3","(Survival)","(51000)","(300008,300010,300011,300012,300013)"
300016,"NSLOCTEXT("""", ""94E0EF2048B6F69B34281AB04E238A8D"", ""Smoker"")","","/Game/UI/Textures/Icons/icon_tent_small.icon_tent_small","None","False","15","3","(Survival)","(51000)","(300016,300017,300014)"
300019,"NSLOCTEXT("""", ""EB6D6901411AC98F79EC968FD06B7223"", ""Ostrich Corral"")","","/Game/Mods/brewery_mod/icon_corral.icon_corral","None","False","15","3","(Survival)","(51000)","(300019)"
300022,"NSLOCTEXT("""", ""25A0F8A04184955409B9F8B29050E5FB"", ""Fog Catcher"")","","/Game/Mods/brewery_mod/icon_fogcatcher.icon_fogcatcher","None","False","15","2","(Survival)","(51000)","(300022)"
300025,"NSLOCTEXT("""", ""801D7BBF40494C491AC80595734C2BA7"", ""Gazelle Corral"")","","/Game/Mods/brewery_mod/icon_corral_gazelle.icon_corral_gazelle","None","False","15","3","(Survival)","(51000)","(300025)"
300028,"NSLOCTEXT("""", ""1C551E904084C0695DB6FC905897B330"", ""Hops Garden"")","","/Game/Mods/brewery_mod/icon_hops_garden.icon_hops_garden","None","False","15","2","(Survival)","(51000)","(300028)"
300030,"NSLOCTEXT("""", ""9F3680B54EFA7B983EF311B8EBDF6949"", ""Aloe Garden"")","","/Game/Mods/brewery_mod/icon_aloe_garden.icon_aloe_garden","None","False","15","2","(Survival)","(51000)","(300030)"
300031,"NSLOCTEXT("""", ""279B5E57471CA2C0DBE7C38D9A840A03"", ""Yellow Lotus Garden"")","","/Game/Mods/brewery_mod/icon_lotus_garden.icon_lotus_garden","None","False","15","2","(Survival)","(51000)","(300031)"
300041,"NSLOCTEXT("""", ""487EBDEA4D20AD1ECB47EDA55D72BBC6"", ""Stove"")","","/Game/Mods/brewery_mod/icon_stove.icon_stove","None","False","15","3","(Survival)","(51000)","(300041)"
300042,"NSLOCTEXT("""", ""6C362138403DC283ECDBA1AC3980826B"", ""Rabbit Hutch"")","","/Game/Mods/brewery_mod/icon_rabbit_hutch.icon_rabbit_hutch","None","False","15","2","(Survival)","(51000)","(300042)"
300044,"NSLOCTEXT("""", ""E1FC9967412EFA2F0BF83B82F64E852B"", ""Corn Garden"")","","/Game/Mods/brewery_mod/icon_corn_garden.icon_corn_garden","None","False","15","2","(Survival)","(51000)","(300044)"
300053,"NSLOCTEXT("""", ""237140584F648684617C2EB8097F9285"", ""Spider Corral"")","","/Game/Mods/brewery_mod/icon_corral_spider.icon_corral_spider","None","False","15","3","(Survival)","(51000)","(300053)"
300200,"NSLOCTEXT("""", ""8D8C7BEC4D8984A93F9C39944D57E3DD"", ""Jumble Market Sell"")","","/Game/Mods/brewery_mod/market_sell.market_sell","None","False","15","2","(Survival)","(51000)","(300200,300202,300203,300204,300205,300206,300207,300208,300209,300210,300211,300212)"
300300,"NSLOCTEXT("""", ""A3D826964DD4D716714B49B1DF2E053C"", ""Jumble Market Buy"")","","/Game/Mods/brewery_mod/market_buy.market_buy","None","False","15","2","(Survival)","(51000)","(300300,300302,300303,300304,300305,300306,300307,300308,300309,300310,300311,300312)"
300056,"NSLOCTEXT("""", ""2425199146DB5C20EB4C03ADDFD48037"", ""Croc Corral"")","","/Game/Mods/brewery_mod/icon_corral_croc.icon_corral_croc","None","False","15","3","(Survival)","(51000)","(300056)"
300600,"NSLOCTEXT("""", ""C81E53B148F1C393AC18B8965F6FD070"", ""Thrall Stand"")","","/Game/Mods/brewery_mod/icon_stand.icon_stand","None","False","15","2","(Survival)","(51000)","(300600)"
300059,"NSLOCTEXT("""", ""0F4CE4E64AAE53FFE7DC2E8D0354F43A"", ""True Indigo Garden"")","","/Game/Mods/brewery_mod/icon_dog_rose_garden.icon_dog_rose_garden","None","False","15","2","(Survival)","(51000)","(300059)"
300062,"NSLOCTEXT("""", ""7DF93A004B4A600E05E9B98ADBEBE40D"", ""False Mandrake Garden"")","","/Game/Mods/brewery_mod/icon_false_mandrake_garden.icon_false_mandrake_garden","None","False","15","2","(Survival)","(51000)","(300062)"
300065,"NSLOCTEXT("""", ""7A61F668494B3DFE1EFF52B7FF0C4275"", ""Grey-flower Lupine Garden"")","","/Game/Mods/brewery_mod/icon_grey_flow_lupine_garden.icon_grey_flow_lupine_garden","None","False","15","2","(Survival)","(51000)","(300065)"
300068,"NSLOCTEXT("""", ""F0431DD6435E9A1C168C8F96AC200D4D"", ""Cactus Garden"")","","/Game/Mods/brewery_mod/icon_cacti_garden.icon_cacti_garden","None","False","15","2","(Survival)","(51000)","(300068)"
300071,"NSLOCTEXT("""", ""1B226B3D4A6B71224633E4A36BAFC826"", ""Aquatic Plants Garden"")","","/Game/Mods/brewery_mod/icon_aquatic_garden.icon_aquatic_garden","None","False","15","2","(Survival)","(51000)","(300071)"
